date,region,cases,temperature,humidity,rainfall
2025-01-01,Delhi,10,21.5,57.0,0
2025-01-02,Delhi,13,21.8,57.4,0
2025-01-03,Delhi,15,22,57.9,0
2025-01-04,Delhi,14,22.3,58.3,0
2025-01-05,Delhi,13,22.5,58.8,0
2025-01-06,Delhi,13,22.8,60.9,1
2025-01-07,Delhi,14,23,59.5,0
2025-01-08,Delhi,18,23.1,61.6,1
2025-01-09,Delhi,20,23.3,60.2,0
2025-01-10,Delhi,14,23.4,62.2,1
2025-01-11,Delhi,13,23.5,60.8,0
2025-01-12,Delhi,13,23.6,62.7,1
2025-01-13,Delhi,11,23.6,61.2,0
2025-01-14,Delhi,13,23.6,61.3,0
2025-01-15,Delhi,16,23.6,61.4,0
2025-01-16,Delhi,19,23.5,61.5,0
2025-01-17,Delhi,20,23.4,61.5,0
2025-01-18,Delhi,20,23.4,61.5,0
2025-01-19,Delhi,10,23.3,61.4,0
2025-01-20,Delhi,10,23.2,61.3,0
2025-01-21,Delhi,12,23.1,61.1,0
2025-01-22,Delhi,15,23,60.9,0
2025-01-23,Delhi,19,22.9,60.6,0
2025-01-24,Delhi,21,22.9,60.4,0
2025-01-25,Delhi,22,22.8,60.0,0
2025-01-26,Delhi,22,22.8,59.7,0
2025-01-27,Delhi,23,22.8,59.3,0
2025-01-28,Delhi,18,22.9,58.9,0
2025-01-29,Delhi,23,22.9,58.5,0
2025-01-30,Delhi,29,23,58.1,0
2025-01-31,Delhi,33,23.1,57.6,0
2025-02-01,Delhi,37,23.3,57.2,0
2025-02-02,Delhi,40,23.5,56.7,0
2025-02-03,Delhi,44,23.7,56.3,0
2025-02-04,Delhi,50,23.9,55.9,0
2025-02-05,Delhi,58,24.2,57.1,1
2025-02-06,Delhi,56,24.4,55.0,0
2025-02-07,Delhi,62,24.7,56.3,1
2025-02-08,Delhi,66,25,54.2,0
2025-02-09,Delhi,69,25.2,55.6,1
2025-02-10,Delhi,71,25.5,53.6,0
2025-02-11,Delhi,75,25.8,55.0,1
2025-02-12,Delhi,80,26,53.1,0
2025-02-13,Delhi,83,26.2,54.6,1
2025-02-14,Delhi,84,26.4,52.7,0
2025-02-15,Delhi,73,26.6,52.6,0
2025-02-16,Delhi,70,26.7,52.5,0
2025-02-17,Delhi,67,26.8,52.5,0
2025-02-18,Delhi,64,26.9,52.5,0
2025-02-19,Delhi,63,27,52.6,0
2025-02-20,Delhi,62,27,52.7,0
2025-02-21,Delhi,59,27,52.8,0
2025-02-22,Delhi,54,26.9,53.0,0
2025-02-23,Delhi,48,26.9,53.3,0
2025-02-24,Delhi,34,26.8,53.5,0
2025-02-25,Delhi,32,26.7,53.8,0
2025-02-26,Delhi,31,26.6,54.2,0
2025-02-27,Delhi,31,26.5,54.5,0
2025-02-28,Delhi,30,26.4,54.9,0
2025-03-01,Delhi,28,26.4,55.3,0
2025-03-02,Delhi,25,26.3,55.7,0
2025-03-03,Delhi,24,26.2,56.2,0
2025-03-04,Delhi,25,26.2,56.6,0
2025-03-05,Delhi,19,26.2,57.1,0
2025-03-06,Delhi,23,26.2,57.5,0
2025-03-07,Delhi,26,26.3,58.0,0
2025-03-08,Delhi,27,26.3,58.4,0
2025-03-09,Delhi,28,26.4,60.5,1
2025-03-10,Delhi,30,26.6,59.2,0
2025-03-11,Delhi,33,26.7,61.3,1
2025-03-12,Delhi,37,26.9,60.0,0
2025-03-13,Delhi,42,27.1,62.0,1
2025-03-14,Delhi,34,27.4,60.6,0
2025-03-15,Delhi,35,27.6,62.5,1
2025-03-16,Delhi,31,27.9,61.0,0
2025-03-17,Delhi,31,28.2,62.9,1
2025-03-18,Delhi,29,28.4,61.4,0
2025-03-19,Delhi,30,28.7,61.4,0
2025-03-20,Delhi,31,29,61.5,0
2025-03-21,Delhi,30,29.2,61.5,0
2025-03-22,Delhi,28,29.5,61.5,0
2025-03-23,Delhi,17,29.7,61.4,0
2025-03-24,Delhi,15,29.9,61.2,0
2025-03-25,Delhi,16,30,61.1,0
2025-03-26,Delhi,18,30.1,60.8,0
2025-03-27,Delhi,21,30.2,60.6,0
2025-03-28,Delhi,22,30.3,60.3,0
2025-03-29,Delhi,22,30.3,60.0,0
2025-03-30,Delhi,20,30.4,59.6,0
2025-03-31,Delhi,20,30.3,59.3,0
2025-01-01,Mumbai,20,27.2,71.4,0
2025-01-02,Mumbai,21,27.4,71.9,0
2025-01-03,Mumbai,21,27.6,72.3,0
2025-01-04,Mumbai,20,27.8,72.8,0
2025-01-05,Mumbai,20,28,74.9,1
2025-01-06,Mumbai,21,28.2,73.5,0
2025-01-07,Mumbai,25,28.3,75.6,1
2025-01-08,Mumbai,18,28.4,74.2,0
2025-01-09,Mumbai,20,28.5,76.2,1
2025-01-10,Mumbai,20,28.5,74.8,0
2025-01-11,Mumbai,19,28.5,76.7,1
2025-01-12,Mumbai,18,28.5,75.2,0
2025-01-13,Mumbai,20,28.4,75.3,0
2025-01-14,Mumbai,23,28.4,75.4,0
2025-01-15,Mumbai,26,28.3,75.5,0
2025-01-16,Mumbai,27,28.2,75.5,0
2025-01-17,Mumbai,18,28.1,75.5,0
2025-01-18,Mumbai,17,27.9,75.4,0
2025-01-19,Mumbai,17,27.8,75.3,0
2025-01-20,Mumbai,18,27.6,75.1,0
2025-01-21,Mumbai,21,27.5,74.9,0
2025-01-22,Mumbai,25,27.4,74.6,0
2025-01-23,Mumbai,26,27.3,74.4,0
2025-01-24,Mumbai,27,27.2,74.0,0
2025-01-25,Mumbai,26,27.1,73.7,0
2025-01-26,Mumbai,18,27.1,73.3,0
2025-01-27,Mumbai,21,27.1,72.9,0
2025-01-28,Mumbai,25,27.1,72.5,0
2025-01-29,Mumbai,30,27.2,72.1,0
2025-01-30,Mumbai,33,27.2,71.6,0
2025-01-31,Mumbai,35,27.4,71.2,0
2025-02-01,Mumbai,36,27.5,70.7,0
2025-02-02,Mumbai,36,27.7,70.3,0
2025-02-03,Mumbai,39,27.8,69.9,0
2025-02-04,Mumbai,35,28,71.1,1
2025-02-05,Mumbai,37,28.3,69.0,0
2025-02-06,Mumbai,39,28.5,70.3,1
2025-02-07,Mumbai,38,28.7,68.2,0
2025-02-08,Mumbai,36,28.9,69.6,1
2025-02-09,Mumbai,35,29.2,67.6,0
2025-02-10,Mumbai,37,29.4,69.0,1
2025-02-11,Mumbai,40,29.6,67.1,0
2025-02-12,Mumbai,44,29.7,68.6,1
2025-02-13,Mumbai,37,29.9,66.7,0
2025-02-14,Mumbai,39,30,66.6,0
2025-02-15,Mumbai,40,30.1,66.5,0
2025-02-16,Mumbai,43,30.2,66.5,0
2025-02-17,Mumbai,48,30.2,66.5,0
2025-02-18,Mumbai,54,30.2,66.6,0
2025-02-19,Mumbai,62,30.2,66.7,0
2025-02-20,Mumbai,67,30.1,66.8,0
2025-02-21,Mumbai,72,30,67.0,0
2025-02-22,Mumbai,66,30,67.3,0
2025-02-23,Mumbai,70,29.8,67.5,0
2025-02-24,Mumbai,76,29.7,67.8,0
2025-02-25,Mumbai,83,29.6,68.2,0
2025-02-26,Mumbai,89,29.4,68.5,0
2025-02-27,Mumbai,94,29.3,68.9,0
2025-02-28,Mumbai,96,29.2,69.3,0
2025-03-01,Mumbai,96,29.1,69.7,0
2025-03-02,Mumbai,97,29,70.2,0
2025-03-03,Mumbai,91,28.9,70.6,0
2025-03-04,Mumbai,94,28.8,71.1,0
2025-03-05,Mumbai,96,28.8,71.5,0
2025-03-06,Mumbai,95,28.8,72.0,0
2025-03-07,Mumbai,93,28.8,72.4,0
2025-03-08,Mumbai,89,28.9,74.5,1
2025-03-09,Mumbai,85,29,73.2,0
2025-03-10,Mumbai,83,29.1,75.3,1
2025-03-11,Mumbai,81,29.2,74.0,0
2025-03-12,Mumbai,71,29.4,76.0,1
2025-03-13,Mumbai,68,29.6,74.6,0
2025-03-14,Mumbai,63,29.8,76.5,1
2025-03-15,Mumbai,58,30,75.0,0
2025-03-16,Mumbai,53,30.3,76.9,1
2025-03-17,Mumbai,51,30.5,75.4,0
2025-03-18,Mumbai,50,30.7,75.4,0
2025-03-19,Mumbai,49,30.9,75.5,0
2025-03-20,Mumbai,48,31.1,75.5,0
2025-03-21,Mumbai,36,31.3,75.5,0
2025-03-22,Mumbai,32,31.5,75.4,0
2025-03-23,Mumbai,30,31.6,75.2,0
2025-03-24,Mumbai,29,31.7,75.1,0
2025-03-25,Mumbai,31,31.8,74.8,0
2025-03-26,Mumbai,32,31.9,74.6,0
2025-03-27,Mumbai,33,31.9,74.3,0
2025-03-28,Mumbai,32,31.9,74.0,0
2025-03-29,Mumbai,30,31.9,73.6,0
2025-03-30,Mumbai,20,31.8,73.3,0
2025-03-31,Mumbai,21,31.7,72.9,0
2025-01-01,Bengaluru,12,22.9,60.9,0
2025-01-02,Bengaluru,12,23.1,61.3,0
2025-01-03,Bengaluru,11,23.3,61.8,0
2025-01-04,Bengaluru,12,23.5,63.9,1
2025-01-05,Bengaluru,13,23.6,62.5,0
2025-01-06,Bengaluru,8,23.8,64.6,1
2025-01-07,Bengaluru,10,23.9,63.2,0
2025-01-08,Bengaluru,12,24,65.2,1
2025-01-09,Bengaluru,11,24,63.8,0
2025-01-10,Bengaluru,11,24,65.7,1
2025-01-11,Bengaluru,10,24,64.2,0
2025-01-12,Bengaluru,12,24,64.3,0
2025-01-13,Bengaluru,15,23.9,64.4,0
2025-01-14,Bengaluru,18,23.8,64.5,0
2025-01-15,Bengaluru,10,23.7,64.5,0
2025-01-16,Bengaluru,10,23.6,64.5,0
2025-01-17,Bengaluru,9,23.5,64.4,0
2025-01-18,Bengaluru,9,23.3,64.3,0
2025-01-19,Bengaluru,11,23.2,64.1,0
2025-01-20,Bengaluru,14,23.1,63.9,0
2025-01-21,Bengaluru,18,23,63.6,0
2025-01-22,Bengaluru,20,22.9,63.4,0
2025-01-23,Bengaluru,21,22.8,63.0,0
2025-01-24,Bengaluru,12,22.7,62.7,0
2025-01-25,Bengaluru,13,22.7,62.3,0
2025-01-26,Bengaluru,15,22.7,61.9,0
2025-01-27,Bengaluru,19,22.7,61.5,0
2025-01-28,Bengaluru,23,22.8,61.1,0
2025-01-29,Bengaluru,25,22.9,60.6,0
2025-01-30,Bengaluru,25,23,60.2,0
2025-01-31,Bengaluru,24,23.1,59.7,0
2025-02-01,Bengaluru,23,23.3,59.3,0
2025-02-02,Bengaluru,15,23.5,58.9,0
2025-02-03,Bengaluru,17,23.7,60.1,1
2025-02-04,Bengaluru,19,23.9,58.0,0
2025-02-05,Bengaluru,20,24.1,59.3,1
2025-02-06,Bengaluru,18,24.4,57.2,0
2025-02-07,Bengaluru,17,24.6,58.6,1
2025-02-08,Bengaluru,16,24.8,56.6,0
2025-02-09,Bengaluru,18,25,58.0,1
2025-02-10,Bengaluru,22,25.2,56.1,0
2025-02-11,Bengaluru,17,25.4,57.6,1
2025-02-12,Bengaluru,19,25.6,55.7,0
2025-02-13,Bengaluru,20,25.7,55.6,0
2025-02-14,Bengaluru,21,25.8,55.5,0
2025-02-15,Bengaluru,23,25.9,55.5,0
2025-02-16,Bengaluru,26,25.9,55.5,0
2025-02-17,Bengaluru,31,25.9,55.6,0
2025-02-18,Bengaluru,37,25.9,55.7,0
2025-02-19,Bengaluru,41,25.9,55.8,0
2025-02-20,Bengaluru,34,25.8,56.0,0
2025-02-21,Bengaluru,35,25.7,56.3,0
2025-02-22,Bengaluru,37,25.6,56.5,0
2025-02-23,Bengaluru,41,25.5,56.8,0
2025-02-24,Bengaluru,45,25.3,57.2,0
2025-02-25,Bengaluru,50,25.2,57.5,0
2025-02-26,Bengaluru,52,25.1,57.9,0
2025-02-27,Bengaluru,53,24.9,58.3,0
2025-02-28,Bengaluru,52,24.8,58.7,0
2025-03-01,Bengaluru,42,24.7,59.2,0
2025-03-02,Bengaluru,43,24.7,59.6,0
2025-03-03,Bengaluru,45,24.6,60.1,0
2025-03-04,Bengaluru,47,24.6,60.5,0
2025-03-05,Bengaluru,46,24.6,61.0,0
2025-03-06,Bengaluru,44,24.6,61.4,0
2025-03-07,Bengaluru,42,24.7,63.5,1
2025-03-08,Bengaluru,39,24.8,62.2,0
2025-03-09,Bengaluru,38,24.9,64.3,1
2025-03-10,Bengaluru,30,25.1,63.0,0
2025-03-11,Bengaluru,31,25.3,65.0,1
2025-03-12,Bengaluru,30,25.4,63.6,0
2025-03-13,Bengaluru,28,25.7,65.5,1
2025-03-14,Bengaluru,24,25.9,64.0,0
2025-03-15,Bengaluru,22,26.1,65.9,1
2025-03-16,Bengaluru,22,26.4,64.4,0
2025-03-17,Bengaluru,24,26.6,64.4,0
2025-03-18,Bengaluru,26,26.8,64.5,0
2025-03-19,Bengaluru,17,27,64.5,0
2025-03-20,Bengaluru,16,27.2,64.5,0
2025-03-21,Bengaluru,14,27.4,64.4,0
2025-03-22,Bengaluru,13,27.5,64.2,0
2025-03-23,Bengaluru,14,27.6,64.1,0
2025-03-24,Bengaluru,17,27.7,63.8,0
2025-03-25,Bengaluru,20,27.8,63.6,0
2025-03-26,Bengaluru,21,27.8,63.3,0
2025-03-27,Bengaluru,21,27.8,63.0,0
2025-03-28,Bengaluru,11,27.8,62.6,0
2025-03-29,Bengaluru,10,27.7,62.3,0
2025-03-30,Bengaluru,11,27.7,61.9,0
2025-03-31,Bengaluru,14,27.6,61.4,0
2025-01-01,Chennai,20,27,70.3,0
2025-01-02,Chennai,20,27.2,70.8,0
2025-01-03,Chennai,20,27.4,72.9,1
2025-01-04,Chennai,12,27.6,71.5,0
2025-01-05,Chennai,15,27.7,73.6,1
2025-01-06,Chennai,18,27.9,72.2,0
2025-01-07,Chennai,20,27.9,74.2,1
2025-01-08,Chennai,19,28,72.8,0
2025-01-09,Chennai,19,28,74.7,1
2025-01-10,Chennai,18,28,73.2,0
2025-01-11,Chennai,20,28,73.3,0
2025-01-12,Chennai,23,27.9,73.4,0
2025-01-13,Chennai,17,27.9,73.5,0
2025-01-14,Chennai,18,27.8,73.5,0
2025-01-15,Chennai,18,27.7,73.5,0
2025-01-16,Chennai,17,27.5,73.4,0
2025-01-17,Chennai,17,27.4,73.3,0
2025-01-18,Chennai,19,27.3,73.1,0
2025-01-19,Chennai,22,27.2,72.9,0
2025-01-20,Chennai,26,27.1,72.6,0
2025-01-21,Chennai,28,27,72.4,0
2025-01-22,Chennai,20,26.9,72.0,0
2025-01-23,Chennai,20,26.8,71.7,0
2025-01-24,Chennai,21,26.8,71.3,0
2025-01-25,Chennai,25,26.8,70.9,0
2025-01-26,Chennai,30,26.9,70.5,0
2025-01-27,Chennai,35,26.9,70.1,0
2025-01-28,Chennai,40,27,69.6,0
2025-01-29,Chennai,43,27.1,69.2,0
2025-01-30,Chennai,46,27.3,68.7,0
2025-01-31,Chennai,41,27.5,68.3,0
2025-02-01,Chennai,47,27.7,67.9,0
2025-02-02,Chennai,54,27.9,69.1,1
2025-02-03,Chennai,60,28.1,67.0,0
2025-02-04,Chennai,65,28.4,68.3,1
2025-02-05,Chennai,67,28.6,66.2,0
2025-02-06,Chennai,67,28.8,67.6,1
2025-02-07,Chennai,67,29.1,65.6,0
2025-02-08,Chennai,69,29.3,67.0,1
2025-02-09,Chennai,61,29.5,65.1,0
2025-02-10,Chennai,62,29.7,66.6,1
2025-02-11,Chennai,60,29.8,64.7,0
2025-02-12,Chennai,56,30,64.6,0
2025-02-13,Chennai,51,30.1,64.5,0
2025-02-14,Chennai,47,30.2,64.5,0
2025-02-15,Chennai,44,30.2,64.5,0
2025-02-16,Chennai,43,30.2,64.6,0
2025-02-17,Chennai,43,30.2,64.7,0
2025-02-18,Chennai,32,30.2,64.8,0
2025-02-19,Chennai,29,30.1,65.0,0
2025-02-20,Chennai,25,30,65.3,0
2025-02-21,Chennai,23,29.9,65.5,0
2025-02-22,Chennai,22,29.8,65.8,0
2025-02-23,Chennai,24,29.7,66.2,0
2025-02-24,Chennai,26,29.6,66.5,0
2025-02-25,Chennai,27,29.4,66.9,0
2025-02-26,Chennai,26,29.3,67.3,0
2025-02-27,Chennai,16,29.2,67.7,0
2025-02-28,Chennai,16,29.1,68.2,0
2025-03-01,Chennai,18,29.1,68.6,0
2025-03-02,Chennai,21,29,69.1,0
2025-03-03,Chennai,25,29,69.5,0
2025-03-04,Chennai,28,29,70.0,0
2025-03-05,Chennai,29,29.1,70.4,0
2025-03-06,Chennai,30,29.2,72.5,1
2025-03-07,Chennai,31,29.3,71.2,0
2025-03-08,Chennai,26,29.4,73.3,1
2025-03-09,Chennai,30,29.6,72.0,0
2025-03-10,Chennai,35,29.7,74.0,1
2025-03-11,Chennai,37,29.9,72.6,0
2025-03-12,Chennai,37,30.2,74.5,1
2025-03-13,Chennai,35,30.4,73.0,0
2025-03-14,Chennai,34,30.6,74.9,1
2025-03-15,Chennai,34,30.9,73.4,0
2025-03-16,Chennai,36,31.1,73.4,0
2025-03-17,Chennai,28,31.3,73.5,0
2025-03-18,Chennai,28,31.6,73.5,0
2025-03-19,Chennai,26,31.8,73.5,0
2025-03-20,Chennai,24,31.9,73.4,0
2025-03-21,Chennai,22,32.1,73.2,0
2025-03-22,Chennai,23,32.2,73.1,0
2025-03-23,Chennai,25,32.3,72.8,0
2025-03-24,Chennai,28,32.4,72.6,0
2025-03-25,Chennai,29,32.4,72.3,0
2025-03-26,Chennai,20,32.4,72.0,0
2025-03-27,Chennai,18,32.4,71.6,0
2025-03-28,Chennai,18,32.4,71.3,0
2025-03-29,Chennai,19,32.3,70.9,0
2025-03-30,Chennai,21,32.2,70.4,0
2025-03-31,Chennai,24,32.1,70.0,0
2025-01-01,Kolkata,21,22.7,67.8,0
2025-01-02,Kolkata,12,22.9,69.9,1
2025-01-03,Kolkata,13,23.1,68.5,0
2025-01-04,Kolkata,17,23.3,70.6,1
2025-01-05,Kolkata,19,23.5,69.2,0
2025-01-06,Kolkata,22,23.6,71.2,1
2025-01-07,Kolkata,20,23.7,69.8,0
2025-01-08,Kolkata,21,23.8,71.7,1
2025-01-09,Kolkata,19,23.8,70.2,0
2025-01-10,Kolkata,20,23.8,70.3,0
2025-01-11,Kolkata,15,23.8,70.4,0
2025-01-12,Kolkata,19,23.7,70.5,0
2025-01-13,Kolkata,20,23.7,70.5,0
2025-01-14,Kolkata,20,23.6,70.5,0
2025-01-15,Kolkata,18,23.5,70.4,0
2025-01-16,Kolkata,17,23.5,70.3,0
2025-01-17,Kolkata,19,23.4,70.1,0
2025-01-18,Kolkata,22,23.3,69.9,0
2025-01-19,Kolkata,25,23.2,69.6,0
2025-01-20,Kolkata,17,23.2,69.4,0
2025-01-21,Kolkata,17,23.1,69.0,0
2025-01-22,Kolkata,16,23.1,68.7,0
2025-01-23,Kolkata,16,23.2,68.3,0
2025-01-24,Kolkata,17,23.2,67.9,0
2025-01-25,Kolkata,20,23.3,67.5,0
2025-01-26,Kolkata,23,23.4,67.1,0
2025-01-27,Kolkata,25,23.5,66.6,0
2025-01-28,Kolkata,25,23.7,66.2,0
2025-01-29,Kolkata,15,23.9,65.7,0
2025-01-30,Kolkata,15,24.1,65.3,0
2025-01-31,Kolkata,17,24.3,64.9,0
2025-02-01,Kolkata,20,24.6,66.1,1
2025-02-02,Kolkata,24,24.9,64.0,0
2025-02-03,Kolkata,27,25.1,65.3,1
2025-02-04,Kolkata,28,25.4,63.2,0
2025-02-05,Kolkata,28,25.7,64.6,1
2025-02-06,Kolkata,30,26,62.6,0
2025-02-07,Kolkata,25,26.2,64.0,1
2025-02-08,Kolkata,29,26.5,62.1,0
2025-02-09,Kolkata,35,26.7,63.6,1
2025-02-10,Kolkata,37,26.9,61.7,0
2025-02-11,Kolkata,38,27.1,61.6,0
2025-02-12,Kolkata,37,27.2,61.5,0
2025-02-13,Kolkata,37,27.4,61.5,0
2025-02-14,Kolkata,38,27.4,61.5,0
2025-02-15,Kolkata,40,27.5,61.6,0
2025-02-16,Kolkata,32,27.5,61.7,0
2025-02-17,Kolkata,33,27.5,61.8,0
2025-02-18,Kolkata,31,27.5,62.0,0
2025-02-19,Kolkata,30,27.5,62.3,0
2025-02-20,Kolkata,29,27.4,62.5,0
2025-02-21,Kolkata,31,27.3,62.8,0
2025-02-22,Kolkata,34,27.2,63.2,0
2025-02-23,Kolkata,38,27.2,63.5,0
2025-02-24,Kolkata,41,27.1,63.9,0
2025-02-25,Kolkata,34,27,64.3,0
2025-02-26,Kolkata,35,26.9,64.7,0
2025-02-27,Kolkata,37,26.9,65.2,0
2025-02-28,Kolkata,41,26.9,65.6,0
2025-03-01,Kolkata,47,26.9,66.1,0
2025-03-02,Kolkata,53,26.9,66.5,0
2025-03-03,Kolkata,57,26.9,67.0,0
2025-03-04,Kolkata,60,27,67.4,0
2025-03-05,Kolkata,63,27.1,69.5,1
2025-03-06,Kolkata,56,27.3,68.2,0
2025-03-07,Kolkata,61,27.5,70.3,1
2025-03-08,Kolkata,67,27.7,69.0,0
2025-03-09,Kolkata,74,27.9,71.0,1
2025-03-10,Kolkata,76,28.1,69.6,0
2025-03-11,Kolkata,79,28.4,71.5,1
2025-03-12,Kolkata,78,28.7,70.0,0
2025-03-13,Kolkata,80,28.9,71.9,1
2025-03-14,Kolkata,81,29.2,70.4,0
2025-03-15,Kolkata,76,29.5,70.4,0
2025-03-16,Kolkata,79,29.8,70.5,0
2025-03-17,Kolkata,80,30,70.5,0
2025-03-18,Kolkata,79,30.3,70.5,0
2025-03-19,Kolkata,75,30.5,70.4,0
2025-03-20,Kolkata,73,30.7,70.2,0
2025-03-21,Kolkata,72,30.9,70.1,0
2025-03-22,Kolkata,72,31,69.8,0
2025-03-23,Kolkata,73,31.1,69.6,0
2025-03-24,Kolkata,62,31.2,69.3,0
2025-03-25,Kolkata,59,31.2,69.0,0
2025-03-26,Kolkata,54,31.3,68.6,0
2025-03-27,Kolkata,51,31.2,68.3,0
2025-03-28,Kolkata,49,31.2,67.9,0
2025-03-29,Kolkata,49,31.2,67.4,0
2025-03-30,Kolkata,49,31.1,67.0,0
2025-03-31,Kolkata,48,31,66.6,0
2025-01-01,Hyderabad,7,24.3,56.9,1
2025-01-02,Hyderabad,8,24.5,55.5,0
2025-01-03,Hyderabad,11,24.7,57.6,1
2025-01-04,Hyderabad,14,24.9,56.2,0
2025-01-05,Hyderabad,16,25,58.2,1
2025-01-06,Hyderabad,15,25.1,56.8,0
2025-01-07,Hyderabad,14,25.1,58.7,1
2025-01-08,Hyderabad,14,25.2,57.2,0
2025-01-09,Hyderabad,6,25.2,57.3,0
2025-01-10,Hyderabad,9,25.2,57.4,0
2025-01-11,Hyderabad,12,25.1,57.5,0
2025-01-12,Hyderabad,14,25.1,57.5,0
2025-01-13,Hyderabad,14,25,57.5,0
2025-01-14,Hyderabad,13,24.9,57.4,0
2025-01-15,Hyderabad,12,24.8,57.3,0
2025-01-16,Hyderabad,14,24.7,57.1,0
2025-01-17,Hyderabad,17,24.6,56.9,0
2025-01-18,Hyderabad,11,24.6,56.6,0
2025-01-19,Hyderabad,12,24.5,56.4,0
2025-01-20,Hyderabad,12,24.5,56.0,0
2025-01-21,Hyderabad,11,24.5,55.7,0
2025-01-22,Hyderabad,11,24.5,55.3,0
2025-01-23,Hyderabad,12,24.5,54.9,0
2025-01-24,Hyderabad,15,24.6,54.5,0
2025-01-25,Hyderabad,18,24.7,54.1,0
2025-01-26,Hyderabad,20,24.8,53.6,0
2025-01-27,Hyderabad,11,25,53.2,0
2025-01-28,Hyderabad,10,25.2,52.7,0
2025-01-29,Hyderabad,9,25.4,52.3,0
2025-01-30,Hyderabad,11,25.6,51.9,0
2025-01-31,Hyderabad,15,25.9,53.1,1
2025-02-01,Hyderabad,18,26.2,51.0,0
2025-02-02,Hyderabad,20,26.4,52.3,1
2025-02-03,Hyderabad,20,26.7,50.2,0
2025-02-04,Hyderabad,20,27,51.6,1
2025-02-05,Hyderabad,11,27.3,49.6,0
2025-02-06,Hyderabad,14,27.5,51.0,1
2025-02-07,Hyderabad,18,27.8,49.1,0
2025-02-08,Hyderabad,22,28,50.6,1
2025-02-09,Hyderabad,25,28.2,48.7,0
2025-02-10,Hyderabad,27,28.4,48.6,0
2025-02-11,Hyderabad,28,28.5,48.5,0
2025-02-12,Hyderabad,30,28.6,48.5,0
2025-02-13,Hyderabad,34,28.7,48.5,0
2025-02-14,Hyderabad,31,28.7,48.6,0
2025-02-15,Hyderabad,36,28.8,48.7,0
2025-02-16,Hyderabad,40,28.8,48.8,0
2025-02-17,Hyderabad,42,28.7,49.0,0
2025-02-18,Hyderabad,43,28.7,49.3,0
2025-02-19,Hyderabad,45,28.6,49.5,0
2025-02-20,Hyderabad,47,28.6,49.8,0
2025-02-21,Hyderabad,51,28.5,50.2,0
2025-02-22,Hyderabad,55,28.4,50.5,0
2025-02-23,Hyderabad,47,28.3,50.9,0
2025-02-24,Hyderabad,46,28.2,51.3,0
2025-02-25,Hyderabad,43,28.2,51.7,0
2025-02-26,Hyderabad,41,28.1,52.2,0
2025-02-27,Hyderabad,41,28.1,52.6,0
2025-02-28,Hyderabad,42,28.1,53.1,0
2025-03-01,Hyderabad,42,28.1,53.5,0
2025-03-02,Hyderabad,41,28.1,54.0,0
2025-03-03,Hyderabad,38,28.2,54.4,0
2025-03-04,Hyderabad,26,28.3,56.5,1
2025-03-05,Hyderabad,23,28.5,55.2,0
2025-03-06,Hyderabad,23,28.6,57.3,1
2025-03-07,Hyderabad,24,28.8,56.0,0
2025-03-08,Hyderabad,26,29.1,58.0,1
2025-03-09,Hyderabad,26,29.3,56.6,0
2025-03-10,Hyderabad,26,29.6,58.5,1
2025-03-11,Hyderabad,24,29.8,57.0,0
2025-03-12,Hyderabad,25,30.1,58.9,1
2025-03-13,Hyderabad,17,30.4,57.4,0
2025-03-14,Hyderabad,21,30.7,57.4,0
2025-03-15,Hyderabad,25,30.9,57.5,0
2025-03-16,Hyderabad,28,31.2,57.5,0
2025-03-17,Hyderabad,28,31.4,57.5,0
2025-03-18,Hyderabad,28,31.6,57.4,0
2025-03-19,Hyderabad,28,31.8,57.2,0
2025-03-20,Hyderabad,29,32,57.1,0
2025-03-21,Hyderabad,31,32.1,56.8,0
2025-03-22,Hyderabad,24,32.2,56.6,0
2025-03-23,Hyderabad,24,32.3,56.3,0
2025-03-24,Hyderabad,22,32.4,56.0,0
2025-03-25,Hyderabad,20,32.4,55.6,0
2025-03-26,Hyderabad,18,32.4,55.3,0
2025-03-27,Hyderabad,19,32.3,54.9,0
2025-03-28,Hyderabad,21,32.3,54.4,0
2025-03-29,Hyderabad,23,32.2,54.0,0
2025-03-30,Hyderabad,24,32.1,53.6,0
2025-03-31,Hyderabad,14,32,53.1,0
2025-01-01,Ahmedabad,6,20.9,47.5,0
2025-01-02,Ahmedabad,9,21.1,49.6,1
2025-01-03,Ahmedabad,12,21.3,48.2,0
2025-01-04,Ahmedabad,14,21.5,50.2,1
2025-01-05,Ahmedabad,13,21.6,48.8,0
2025-01-06,Ahmedabad,12,21.7,50.7,1
2025-01-07,Ahmedabad,3,21.7,49.2,0
2025-01-08,Ahmedabad,4,21.8,49.3,0
2025-01-09,Ahmedabad,7,21.8,49.4,0
2025-01-10,Ahmedabad,10,21.8,49.5,0
2025-01-11,Ahmedabad,12,21.7,49.5,0
2025-01-12,Ahmedabad,12,21.7,49.5,0
2025-01-13,Ahmedabad,11,21.6,49.4,0
2025-01-14,Ahmedabad,10,21.6,49.3,0
2025-01-15,Ahmedabad,12,21.5,49.1,0
2025-01-16,Ahmedabad,6,21.5,48.9,0
2025-01-17,Ahmedabad,9,21.4,48.6,0
2025-01-18,Ahmedabad,10,21.4,48.4,0
2025-01-19,Ahmedabad,10,21.4,48.0,0
2025-01-20,Ahmedabad,9,21.4,47.7,0
2025-01-21,Ahmedabad,9,21.4,47.3,0
2025-01-22,Ahmedabad,10,21.5,46.9,0
2025-01-23,Ahmedabad,13,21.6,46.5,0
2025-01-24,Ahmedabad,16,21.8,46.1,0
2025-01-25,Ahmedabad,9,21.9,45.6,0
2025-01-26,Ahmedabad,9,22.1,45.2,0
2025-01-27,Ahmedabad,8,22.3,44.7,0
2025-01-28,Ahmedabad,7,22.6,44.3,0
2025-01-29,Ahmedabad,9,22.8,43.9,0
2025-01-30,Ahmedabad,13,23.1,45.1,1
2025-01-31,Ahmedabad,16,23.4,43.0,0
2025-02-01,Ahmedabad,19,23.7,44.3,1
2025-02-02,Ahmedabad,19,24,42.2,0
2025-02-03,Ahmedabad,10,24.3,43.6,1
2025-02-04,Ahmedabad,11,24.6,41.6,0
2025-02-05,Ahmedabad,14,24.9,43.0,1
2025-02-06,Ahmedabad,18,25.2,41.1,0
2025-02-07,Ahmedabad,22,25.4,42.6,1
2025-02-08,Ahmedabad,24,25.7,40.7,0
2025-02-09,Ahmedabad,23,25.9,40.6,0
2025-02-10,Ahmedabad,22,26,40.5,0
2025-02-11,Ahmedabad,22,26.2,40.5,0
2025-02-12,Ahmedabad,14,26.3,40.5,0
2025-02-13,Ahmedabad,16,26.4,40.6,0
2025-02-14,Ahmedabad,18,26.4,40.7,0
2025-02-15,Ahmedabad,19,26.4,40.8,0
2025-02-16,Ahmedabad,19,26.4,41.0,0
2025-02-17,Ahmedabad,17,26.4,41.3,0
2025-02-18,Ahmedabad,17,26.4,41.5,0
2025-02-19,Ahmedabad,19,26.3,41.8,0
2025-02-20,Ahmedabad,22,26.3,42.2,0
2025-02-21,Ahmedabad,17,26.2,42.5,0
2025-02-22,Ahmedabad,20,26.2,42.9,0
2025-02-23,Ahmedabad,21,26.1,43.3,0
2025-02-24,Ahmedabad,21,26.1,43.7,0
2025-02-25,Ahmedabad,23,26.1,44.2,0
2025-02-26,Ahmedabad,26,26.1,44.6,0
2025-02-27,Ahmedabad,31,26.1,45.1,0
2025-02-28,Ahmedabad,36,26.1,45.5,0
2025-03-01,Ahmedabad,39,26.2,46.0,0
2025-03-02,Ahmedabad,32,26.3,46.4,0
2025-03-03,Ahmedabad,32,26.5,48.5,1
2025-03-04,Ahmedabad,34,26.6,47.2,0
2025-03-05,Ahmedabad,37,26.8,49.3,1
2025-03-06,Ahmedabad,41,27,48.0,0
2025-03-07,Ahmedabad,45,27.3,50.0,1
2025-03-08,Ahmedabad,47,27.6,48.6,0
2025-03-09,Ahmedabad,48,27.9,50.5,1
2025-03-10,Ahmedabad,46,28.2,49.0,0
2025-03-11,Ahmedabad,37,28.5,50.9,1
2025-03-12,Ahmedabad,38,28.8,49.4,0
2025-03-13,Ahmedabad,40,29.1,49.4,0
2025-03-14,Ahmedabad,42,29.4,49.5,0
2025-03-15,Ahmedabad,42,29.6,49.5,0
2025-03-16,Ahmedabad,41,29.9,49.5,0
2025-03-17,Ahmedabad,38,30.2,49.4,0
2025-03-18,Ahmedabad,36,30.4,49.2,0
2025-03-19,Ahmedabad,36,30.6,49.1,0
2025-03-20,Ahmedabad,28,30.7,48.8,0
2025-03-21,Ahmedabad,29,30.9,48.6,0
2025-03-22,Ahmedabad,29,31,48.3,0
2025-03-23,Ahmedabad,26,31,48.0,0
2025-03-24,Ahmedabad,24,31.1,47.6,0
2025-03-25,Ahmedabad,22,31.1,47.3,0
2025-03-26,Ahmedabad,22,31.1,46.9,0
2025-03-27,Ahmedabad,24,31.1,46.4,0
2025-03-28,Ahmedabad,25,31,46.0,0
2025-03-29,Ahmedabad,17,31,45.6,0
2025-03-30,Ahmedabad,16,30.9,45.1,0
2025-03-31,Ahmedabad,14,30.9,44.7,0
2025-01-01,Pune,12,23,59.6,1
2025-01-02,Pune,15,23.1,58.2,0
2025-01-03,Pune,17,23.2,60.2,1
2025-01-04,Pune,16,23.3,58.8,0
2025-01-05,Pune,6,23.3,60.7,1
2025-01-06,Pune,6,23.3,59.2,0
2025-01-07,Pune,7,23.3,59.3,0
2025-01-08,Pune,10,23.3,59.4,0
2025-01-09,Pune,13,23.2,59.5,0
2025-01-10,Pune,15,23.1,59.5,0
2025-01-11,Pune,15,23,59.5,0
2025-01-12,Pune,13,22.9,59.4,0
2025-01-13,Pune,13,22.8,59.3,0
2025-01-14,Pune,6,22.7,59.1,0
2025-01-15,Pune,9,22.6,58.9,0
2025-01-16,Pune,12,22.5,58.6,0
2025-01-17,Pune,13,22.4,58.4,0
2025-01-18,Pune,13,22.3,58.0,0
2025-01-19,Pune,12,22.3,57.7,0
2025-01-20,Pune,12,22.3,57.3,0
2025-01-21,Pune,13,22.3,56.9,0
2025-01-22,Pune,16,22.3,56.5,0
2025-01-23,Pune,10,22.4,56.1,0
2025-01-24,Pune,12,22.5,55.6,0
2025-01-25,Pune,11,22.6,55.2,0
2025-01-26,Pune,10,22.8,54.7,0
2025-01-27,Pune,10,23,54.3,0
2025-01-28,Pune,11,23.2,53.9,0
2025-01-29,Pune,15,23.4,55.1,1
2025-01-30,Pune,17,23.6,53.0,0
2025-01-31,Pune,19,23.9,54.3,1
2025-02-01,Pune,10,24.1,52.2,0
2025-02-02,Pune,9,24.4,53.6,1
2025-02-03,Pune,9,24.6,51.6,0
2025-02-04,Pune,11,24.9,53.0,1
2025-02-05,Pune,15,25.1,51.1,0
2025-02-06,Pune,19,25.3,52.6,1
2025-02-07,Pune,21,25.4,50.7,0
2025-02-08,Pune,22,25.6,50.6,0
2025-02-09,Pune,23,25.7,50.5,0
2025-02-10,Pune,15,25.8,50.5,0
2025-02-11,Pune,18,25.9,50.5,0
2025-02-12,Pune,23,25.9,50.6,0
2025-02-13,Pune,28,25.9,50.7,0
2025-02-14,Pune,31,25.8,50.8,0
2025-02-15,Pune,32,25.8,51.0,0
2025-02-16,Pune,32,25.7,51.3,0
2025-02-17,Pune,32,25.6,51.5,0
2025-02-18,Pune,35,25.5,51.8,0
2025-02-19,Pune,29,25.4,52.2,0
2025-02-20,Pune,33,25.3,52.5,0
2025-02-21,Pune,35,25.2,52.9,0
2025-02-22,Pune,36,25.1,53.3,0
2025-02-23,Pune,37,25,53.7,0
2025-02-24,Pune,38,24.9,54.2,0
2025-02-25,Pune,42,24.8,54.6,0
2025-02-26,Pune,48,24.8,55.1,0
2025-02-27,Pune,53,24.8,55.5,0
2025-02-28,Pune,48,24.8,56.0,0
2025-03-01,Pune,50,24.9,56.4,0
2025-03-02,Pune,51,25,58.5,1
2025-03-03,Pune,52,25.1,57.2,0
2025-03-04,Pune,55,25.2,59.3,1
2025-03-05,Pune,59,25.4,58.0,0
2025-03-06,Pune,62,25.6,60.0,1
2025-03-07,Pune,63,25.8,58.6,0
2025-03-08,Pune,63,26,60.5,1
2025-03-09,Pune,51,26.3,59.0,0
2025-03-10,Pune,49,26.5,60.9,1
2025-03-11,Pune,48,26.8,59.4,0
2025-03-12,Pune,49,27,59.4,0
2025-03-13,Pune,49,27.2,59.5,0
2025-03-14,Pune,48,27.5,59.5,0
2025-03-15,Pune,44,27.7,59.5,0
2025-03-16,Pune,40,27.9,59.4,0
2025-03-17,Pune,37,28,59.2,0
2025-03-18,Pune,27,28.2,59.1,0
2025-03-19,Pune,27,28.3,58.8,0
2025-03-20,Pune,28,28.4,58.6,0
2025-03-21,Pune,27,28.4,58.3,0
2025-03-22,Pune,25,28.4,58.0,0
2025-03-23,Pune,22,28.4,57.6,0
2025-03-24,Pune,21,28.4,57.3,0
2025-03-25,Pune,21,28.3,56.9,0
2025-03-26,Pune,23,28.2,56.4,0
2025-03-27,Pune,16,28.1,56.0,0
2025-03-28,Pune,17,28,55.6,0
2025-03-29,Pune,16,27.9,55.1,0
2025-03-30,Pune,15,27.8,54.7,0
2025-03-31,Pune,14,27.7,54.2,0
